"Nomenclature","ReporterISO3","ProductCode","ReporterName","PartnerISO3","PartnerName","Year","TradeFlowName","TradeFlowCode","TradeValue in 1000 USD"
"H0","AGO","9503","Angola","WLD"," World",2024,"Export",6,27.725
"H0","AGO","9503","Angola","WLD"," World",2025,"Export",6,42.366
"H0","ALB","9503","Albania","WLD"," World",2024,"Export",6,131.125
"H0","AND","9503","Andorra","WLD"," World",2024,"Export",6,41.339
"H0","AND","9503","Andorra","WLD"," World",2025,"Export",6,43.606
"H0","ARG","9503","Argentina","WLD"," World",2024,"Export",6,75.156
"H0","ARG","9503","Argentina","WLD"," World",2025,"Export",6,60.504
"H0","ARM","9503","Armenia","WLD"," World",2024,"Export",6,1955.223
"H0","ARM","9503","Armenia","WLD"," World",2025,"Export",6,2662.346
"H0","ATG","9503","Antigua and Barbuda","WLD"," World",2024,"Export",6,0
"H0","AUS","9503","Australia","WLD"," World",2024,"Export",6,33704.542
"H0","AUS","9503","Australia","WLD"," World",2025,"Export",6,40598.985
"H0","AUT","9503","Austria","WLD"," World",2024,"Export",6,177425.209
"H0","AUT","9503","Austria","WLD"," World",2025,"Export",6,208859.606
"H0","AZE","9503","Azerbaijan","WLD"," World",2024,"Export",6,169.704
"H0","AZE","9503","Azerbaijan","WLD"," World",2025,"Export",6,67.832
"H0","BEL","9503","Belgium","WLD"," World",2024,"Export",6,261600.968
"H0","BEL","9503","Belgium","WLD"," World",2025,"Export",6,207643.827
"H0","BEN","9503","Benin","WLD"," World",2024,"Export",6,0.505
"H0","BFA","9503","Burkina Faso","WLD"," World",2024,"Export",6,11.43
"H0","BGR","9503","Bulgaria","WLD"," World",2024,"Export",6,61167.204
"H0","BGR","9503","Bulgaria","WLD"," World",2025,"Export",6,83018.476
"H0","BHR","9503","Bahrain","WLD"," World",2024,"Export",6,4180.958
"H0","BHS","9503","Bahamas, The","WLD"," World",2024,"Export",6,0
"H0","BIH","9503","Bosnia and Herzegovina","WLD"," World",2024,"Export",6,42716.506
"H0","BIH","9503","Bosnia and Herzegovina","WLD"," World",2025,"Export",6,56809.443
"H0","BLZ","9503","Belize","WLD"," World",2024,"Export",6,0
"H0","BLZ","9503","Belize","WLD"," World",2025,"Export",6,0
"H0","BMU","9503","Bermuda","WLD"," World",2024,"Export",6,26.785
"H0","BMU","9503","Bermuda","WLD"," World",2025,"Export",6,16.282
"H0","BOL","9503","Bolivia","WLD"," World",2024,"Export",6,142.915
"H0","BOL","9503","Bolivia","WLD"," World",2025,"Export",6,249.843
"H0","BRA","9503","Brazil","WLD"," World",2024,"Export",6,10970.945
"H0","BRA","9503","Brazil","WLD"," World",2025,"Export",6,10302.505
"H0","BRB","9503","Barbados","WLD"," World",2024,"Export",6,18.24
"H0","BRB","9503","Barbados","WLD"," World",2025,"Export",6,4.22
"H0","BRN","9503","Brunei","WLD"," World",2024,"Export",6,29.912
"H0","BTN","9503","Bhutan","WLD"," World",2025,"Export",6,0.015
"H0","CAN","9503","Canada","WLD"," World",2024,"Export",6,19125.057
"H0","CAN","9503","Canada","WLD"," World",2025,"Export",6,17120.934
"H0","CHE","9503","Switzerland","WLD"," World",2024,"Export",6,23367.207
"H0","CHE","9503","Switzerland","WLD"," World",2025,"Export",6,23393.844
"H0","CHL","9503","Chile","WLD"," World",2024,"Export",6,35054.002
"H0","CHL","9503","Chile","WLD"," World",2025,"Export",6,37178.603
"H0","CHN","9503","China","WLD"," World",2024,"Export",6,39863997.385
"H0","CIV","9503","Cote d'Ivoire","WLD"," World",2024,"Export",6,136.193
"H0","CIV","9503","Cote d'Ivoire","WLD"," World",2025,"Export",6,58.555
"H0","COL","9503","Colombia","WLD"," World",2024,"Export",6,13592.712
"H0","COL","9503","Colombia","WLD"," World",2025,"Export",6,10622.167
"H0","CRI","9503","Costa Rica","WLD"," World",2024,"Export",6,375.229
"H0","CYM","9503","Cayman Islands","WLD"," World",2024,"Export",6,0.191
"H0","CYP","9503","Cyprus","WLD"," World",2024,"Export",6,1544.166
"H0","CYP","9503","Cyprus","WLD"," World",2025,"Export",6,1929.025
"H0","CZE","9503","Czech Republic","WLD"," World",2024,"Export",6,3526591.52
"H0","CZE","9503","Czech Republic","WLD"," World",2025,"Export",6,4018403.09
"H0","DEU","9503","Germany","WLD"," World",2024,"Export",6,2041561.706
"H0","DEU","9503","Germany","WLD"," World",2025,"Export",6,2357393.977
"H0","DNK","9503","Denmark","WLD"," World",2024,"Export",6,594467.488
"H0","DNK","9503","Denmark","WLD"," World",2025,"Export",6,636171.206
"H0","DOM","9503","Dominican Republic","WLD"," World",2024,"Export",6,187.154
"H0","DOM","9503","Dominican Republic","WLD"," World",2025,"Export",6,3623.597
"H0","DZA","9503","Algeria","WLD"," World",2024,"Export",6,7.147
"H0","ECU","9503","Ecuador","WLD"," World",2024,"Export",6,1218.82
"H0","ECU","9503","Ecuador","WLD"," World",2025,"Export",6,1078.582
"H0","EGY","9503","Egypt, Arab Rep.","WLD"," World",2024,"Export",6,2016.164
"H0","EGY","9503","Egypt, Arab Rep.","WLD"," World",2025,"Export",6,1583.376
"H0","ESP","9503","Spain","WLD"," World",2024,"Export",6,448360.762
"H0","ESP","9503","Spain","WLD"," World",2025,"Export",6,492720.781
"H0","EST","9503","Estonia","WLD"," World",2024,"Export",6,52193.478
"H0","EST","9503","Estonia","WLD"," World",2025,"Export",6,48536.425
"H0","EUN","9503","European Union","WLD"," World",2024,"Export",6,2715067.625
"H0","EUN","9503","European Union","WLD"," World",2025,"Export",6,3068553.853
"H0","FIN","9503","Finland","WLD"," World",2024,"Export",6,16630.577
"H0","FIN","9503","Finland","WLD"," World",2025,"Export",6,19965.047
"H0","FJI","9503","Fiji","WLD"," World",2024,"Export",6,3.347
"H0","FJI","9503","Fiji","WLD"," World",2025,"Export",6,1.601
"H0","FRA","9503","France","WLD"," World",2024,"Export",6,934876.608
"H0","FRA","9503","France","WLD"," World",2025,"Export",6,1030613.39
"H0","FRO","9503","Faeroe Islands","WLD"," World",2025,"Export",6,6.777
"H0","GBR","9503","United Kingdom","WLD"," World",2024,"Export",6,784984.134
"H0","GBR","9503","United Kingdom","WLD"," World",2025,"Export",6,811069.525
"H0","GEO","9503","Georgia","WLD"," World",2024,"Export",6,298.893
"H0","GEO","9503","Georgia","WLD"," World",2025,"Export",6,209.902
"H0","GHA","9503","Ghana","WLD"," World",2024,"Export",6,18.295
"H0","GHA","9503","Ghana","WLD"," World",2025,"Export",6,19.239
"H0","GMB","9503","Gambia, The","WLD"," World",2024,"Export",6,0
"H0","GRC","9503","Greece","WLD"," World",2024,"Export",6,406812.805
"H0","GRC","9503","Greece","WLD"," World",2025,"Export",6,443739.885
"H0","GRD","9503","Grenada","WLD"," World",2024,"Export",6,0.819
"H0","GTM","9503","Guatemala","WLD"," World",2024,"Export",6,9341.662
"H0","GTM","9503","Guatemala","WLD"," World",2025,"Export",6,10440.328
"H0","GUY","9503","Guyana","WLD"," World",2024,"Export",6,10.662
"H0","GUY","9503","Guyana","WLD"," World",2025,"Export",6,11.217
"H0","HKG","9503","Hong Kong, China","WLD"," World",2024,"Export",6,921290.389
"H0","HKG","9503","Hong Kong, China","WLD"," World",2025,"Export",6,938164.117
"H0","HND","9503","Honduras","WLD"," World",2024,"Export",6,686.077
"H0","HRV","9503","Croatia","WLD"," World",2024,"Export",6,17366.82
"H0","HRV","9503","Croatia","WLD"," World",2025,"Export",6,20142.787
"H0","HUN","9503","Hungary","WLD"," World",2024,"Export",6,933949.729
"H0","HUN","9503","Hungary","WLD"," World",2025,"Export",6,1077937.309
"H0","IDN","9503","Indonesia","WLD"," World",2024,"Export",6,605573.955
"H0","IDN","9503","Indonesia","WLD"," World",2025,"Export",6,650855.625
"H0","IND","9503","India","WLD"," World",2024,"Export",6,166788.696
"H0","IND","9503","India","WLD"," World",2025,"Export",6,191960.054
"H0","IRL","9503","Ireland","WLD"," World",2024,"Export",6,57014.616
"H0","IRL","9503","Ireland","WLD"," World",2025,"Export",6,56412.01
"H0","ISL","9503","Iceland","WLD"," World",2024,"Export",6,17.446
"H0","ISL","9503","Iceland","WLD"," World",2025,"Export",6,21.015
"H0","ISR","9503","Israel","WLD"," World",2024,"Export",6,12305
"H0","ISR","9503","Israel","WLD"," World",2025,"Export",6,8035
"H0","ITA","9503","Italy","WLD"," World",2024,"Export",6,487955.904
"H0","ITA","9503","Italy","WLD"," World",2025,"Export",6,557079.507
"H0","JAM","9503","Jamaica","WLD"," World",2024,"Export",6,22.5
"H0","JAM","9503","Jamaica","WLD"," World",2025,"Export",6,79.57
"H0","JOR","9503","Jordan","WLD"," World",2024,"Export",6,27.333
"H0","JPN","9503","Japan","WLD"," World",2024,"Export",6,398329.435
"H0","JPN","9503","Japan","WLD"," World",2025,"Export",6,441325.053
"H0","KAZ","9503","Kazakhstan","WLD"," World",2024,"Export",6,34865.471
"H0","KAZ","9503","Kazakhstan","WLD"," World",2025,"Export",6,15289.872
"H0","KEN","9503","Kenya","WLD"," World",2024,"Export",6,466.833
"H0","KGZ","9503","Kyrgyz Republic","WLD"," World",2024,"Export",6,2301.892
"H0","KGZ","9503","Kyrgyz Republic","WLD"," World",2025,"Export",6,91.746
"H0","KHM","9503","Cambodia","WLD"," World",2024,"Export",6,29630.106
"H0","KOR","9503","Korea, Rep.","WLD"," World",2024,"Export",6,94522.988
"H0","KOR","9503","Korea, Rep.","WLD"," World",2025,"Export",6,88193.766
"H0","KWT","9503","Kuwait","WLD"," World",2024,"Export",6,190.171
"H0","KWT","9503","Kuwait","WLD"," World",2025,"Export",6,561.116
"H0","LBN","9503","Lebanon","WLD"," World",2024,"Export",6,671.696
"H0","LKA","9503","Sri Lanka","WLD"," World",2024,"Export",6,20266.482
"H0","LKA","9503","Sri Lanka","WLD"," World",2025,"Export",6,21922.966
"H0","LSO","9503","Lesotho","WLD"," World",2024,"Export",6,0.016
"H0","LTU","9503","Lithuania","WLD"," World",2024,"Export",6,53856.368
"H0","LTU","9503","Lithuania","WLD"," World",2025,"Export",6,48324.872
"H0","LUX","9503","Luxembourg","WLD"," World",2024,"Export",6,7877.633
"H0","LUX","9503","Luxembourg","WLD"," World",2025,"Export",6,14655.49
"H0","LVA","9503","Latvia","WLD"," World",2024,"Export",6,31324.584
"H0","LVA","9503","Latvia","WLD"," World",2025,"Export",6,30664.719
"H0","MAC","9503","Macao","WLD"," World",2024,"Export",6,0
"H0","MAC","9503","Macao","WLD"," World",2025,"Export",6,0
"H0","MAR","9503","Morocco","WLD"," World",2024,"Export",6,16414.142
"H0","MAR","9503","Morocco","WLD"," World",2025,"Export",6,13530.599
"H0","MDA","9503","Moldova","WLD"," World",2024,"Export",6,1137.995
"H0","MDA","9503","Moldova","WLD"," World",2025,"Export",6,1081.178
"H0","MDG","9503","Madagascar","WLD"," World",2024,"Export",6,3358.686
"H0","MDV","9503","Maldives","WLD"," World",2025,"Export",6,0.03
"H0","MEX","9503","Mexico","WLD"," World",2024,"Export",6,1217196.438
"H0","MEX","9503","Mexico","WLD"," World",2025,"Export",6,1421921.099
"H0","MKD","9503","North Macedonia","WLD"," World",2024,"Export",6,4756.159
"H0","MKD","9503","North Macedonia","WLD"," World",2025,"Export",6,2460.576
"H0","MLT","9503","Malta","WLD"," World",2024,"Export",6,123209.42
"H0","MLT","9503","Malta","WLD"," World",2025,"Export",6,100943.483
"H0","MMR","9503","Myanmar","WLD"," World",2024,"Export",6,7070.994
"H0","MMR","9503","Myanmar","WLD"," World",2025,"Export",6,9984.078
"H0","MNT","9503","Montenegro","WLD"," World",2024,"Export",6,242.821
"H0","MNT","9503","Montenegro","WLD"," World",2025,"Export",6,281.251
"H0","MOZ","9503","Mozambique","WLD"," World",2024,"Export",6,16.389
"H0","MUS","9503","Mauritius","WLD"," World",2024,"Export",6,852.816
"H0","MUS","9503","Mauritius","WLD"," World",2025,"Export",6,1089.409
"H0","MWI","9503","Malawi","WLD"," World",2024,"Export",6,3.634
"H0","MYS","9503","Malaysia","WLD"," World",2024,"Export",6,191135.614
"H0","MYS","9503","Malaysia","WLD"," World",2025,"Export",6,211145.619
"H0","NAM","9503","Namibia","WLD"," World",2024,"Export",6,1.344
"H0","NIC","9503","Nicaragua","WLD"," World",2024,"Export",6,31.84
"H0","NLD","9503","Netherlands","WLD"," World",2024,"Export",6,1498404.014
"H0","NLD","9503","Netherlands","WLD"," World",2025,"Export",6,1603848.7
"H0","NOR","9503","Norway","WLD"," World",2024,"Export",6,31828.488
"H0","NOR","9503","Norway","WLD"," World",2025,"Export",6,37982.398
"H0","NZL","9503","New Zealand","WLD"," World",2024,"Export",6,1744.981
"H0","NZL","9503","New Zealand","WLD"," World",2025,"Export",6,1806.189
"H0","OAS","9503","Other Asia, nes","WLD"," World",2024,"Export",6,265074.759
"H0","OMN","9503","Oman","WLD"," World",2024,"Export",6,0
"H0","OMN","9503","Oman","WLD"," World",2025,"Export",6,7.639
"H0","PAK","9503","Pakistan","WLD"," World",2024,"Export",6,755.412
"H0","PAK","9503","Pakistan","WLD"," World",2025,"Export",6,1022.939
"H0","PAN","9503","Panama","WLD"," World",2024,"Export",6,0
"H0","PAN","9503","Panama","WLD"," World",2025,"Export",6,0.56
"H0","PER","9503","Peru","WLD"," World",2024,"Export",6,12529.164
"H0","PHL","9503","Philippines","WLD"," World",2024,"Export",6,55294.774
"H0","PHL","9503","Philippines","WLD"," World",2025,"Export",6,59507.992
"H0","POL","9503","Poland","WLD"," World",2024,"Export",6,1065940.24
"H0","POL","9503","Poland","WLD"," World",2025,"Export",6,1209299.516
"H0","PRT","9503","Portugal","WLD"," World",2024,"Export",6,63387.634
"H0","PRT","9503","Portugal","WLD"," World",2025,"Export",6,52669.222
"H0","PRY","9503","Paraguay","WLD"," World",2024,"Export",6,4518.902
"H0","PRY","9503","Paraguay","WLD"," World",2025,"Export",6,2516.066
"H0","QAT","9503","Qatar","WLD"," World",2024,"Export",6,3082.122
"H0","ROM","9503","Romania","WLD"," World",2024,"Export",6,141058.543
"H0","ROM","9503","Romania","WLD"," World",2025,"Export",6,162290.911
"H0","SAU","9503","Saudi Arabia","WLD"," World",2024,"Export",6,4.391
"H0","SAU","9503","Saudi Arabia","WLD"," World",2025,"Export",6,12.425
"H0","SEN","9503","Senegal","WLD"," World",2024,"Export",6,37.712
"H0","SER","9503","Serbia, FR(Serbia/Montenegro)","WLD"," World",2024,"Export",6,14179.828
"H0","SER","9503","Serbia, FR(Serbia/Montenegro)","WLD"," World",2025,"Export",6,11042.975
"H0","SGP","9503","Singapore","WLD"," World",2024,"Export",6,72806.899
"H0","SGP","9503","Singapore","WLD"," World",2025,"Export",6,60331.422
"H0","SLV","9503","El Salvador","WLD"," World",2024,"Export",6,397.112
"H0","SLV","9503","El Salvador","WLD"," World",2025,"Export",6,610.823
"H0","SSD","9503","South Sudan","WLD"," World",2025,"Export",6,0.117
"H0","SUR","9503","Suriname","WLD"," World",2024,"Export",6,38.233
"H0","SUR","9503","Suriname","WLD"," World",2025,"Export",6,8.751
"H0","SVK","9503","Slovak Republic","WLD"," World",2024,"Export",6,272102.961
"H0","SVK","9503","Slovak Republic","WLD"," World",2025,"Export",6,368093.357
"H0","SVN","9503","Slovenia","WLD"," World",2024,"Export",6,83096.556
"H0","SVN","9503","Slovenia","WLD"," World",2025,"Export",6,82415.974
"H0","SWE","9503","Sweden","WLD"," World",2024,"Export",6,136830.867
"H0","SWE","9503","Sweden","WLD"," World",2025,"Export",6,151896.87
"H0","SYC","9503","Seychelles","WLD"," World",2024,"Export",6,0
"H0","TGO","9503","Togo","WLD"," World",2024,"Export",6,0.781
"H0","TGO","9503","Togo","WLD"," World",2025,"Export",6,17.732
"H0","THA","9503","Thailand","WLD"," World",2024,"Export",6,320271.327
"H0","THA","9503","Thailand","WLD"," World",2025,"Export",6,317134.313
"H0","TON","9503","Tonga","WLD"," World",2025,"Export",6,1.23
"H0","TTO","9503","Trinidad and Tobago","WLD"," World",2024,"Export",6,49.951
"H0","TTO","9503","Trinidad and Tobago","WLD"," World",2025,"Export",6,124.113
"H0","TUN","9503","Tunisia","WLD"," World",2024,"Export",6,47624.106
"H0","TUR","9503","Turkey","WLD"," World",2024,"Export",6,95726.796
"H0","TUR","9503","Turkey","WLD"," World",2025,"Export",6,87639.884
"H0","TZA","9503","Tanzania","WLD"," World",2024,"Export",6,24.921
"H0","UGA","9503","Uganda","WLD"," World",2024,"Export",6,19.137
"H0","UKR","9503","Ukraine","WLD"," World",2024,"Export",6,20083.877
"H0","URY","9503","Uruguay","WLD"," World",2024,"Export",6,25.75
"H0","USA","9503","United States","WLD"," World",2024,"Export",6,439030.579
"H0","USA","9503","United States","WLD"," World",2025,"Export",6,566546.916
"H0","UZB","9503","Uzbekistan","WLD"," World",2024,"Export",6,6313.268
"H0","WSM","9503","Samoa","WLD"," World",2024,"Export",6,0.047
"H0","ZAF","9503","South Africa","WLD"," World",2024,"Export",6,14760.408
"H0","ZAF","9503","South Africa","WLD"," World",2025,"Export",6,16270.503
"H0","ZMB","9503","Zambia","WLD"," World",2024,"Export",6,1.837
"H0","ZWE","9503","Zimbabwe","WLD"," World",2024,"Export",6,0.141
